,0,active,tags_act,descr_act,tags_pass,descr_pass,first_tag_act,final_min_one_pass,arg0_match
0,Judy is shot by Amy.,Amy shoots Judy.,"['B-ARG0', 'B-V', 'B-ARG1', 'O']",[ARG0: Amy] [V: shoots] [ARG1: Judy] .,"['B-ARG1', 'O', 'B-V', 'B-ARG0', 'I-ARG0', 'O']",[ARG1: Judy] is [V: shot] [ARG0: by Amy] .,ARG0,ARG0,True
1,Henry is shot by Dan.,Dan shoots Henry.,"['B-ARG0', 'B-V', 'B-ARG1', 'O']",[ARG0: Dan] [V: shoots] [ARG1: Henry] .,"['B-ARG1', 'O', 'B-V', 'B-ARG0', 'I-ARG0', 'O']",[ARG1: Henry] is [V: shot] [ARG0: by Dan] .,ARG0,ARG0,True
2,Scott is shot by Sophie.,Sophie shoots Scott.,"['B-ARG0', 'B-V', 'B-ARG1', 'O']",[ARG0: Sophie] [V: shoots] [ARG1: Scott] .,"['B-ARG1', 'O', 'B-V', 'B-ARG0', 'I-ARG0', 'O']",[ARG1: Scott] is [V: shot] [ARG0: by Sophie] .,ARG0,ARG0,True
3,Frank is shot by George.,George shoots Frank.,"['B-ARG0', 'B-V', 'B-ARG1', 'O']",[ARG0: George] [V: shoots] [ARG1: Frank] .,"['B-ARG1', 'O', 'B-V', 'B-ARG0', 'I-ARG0', 'O']",[ARG1: Frank] is [V: shot] [ARG0: by George] .,ARG0,ARG0,True
4,Robert is shot by Charlie.,Charlie shoots Robert.,"['B-ARG0', 'B-V', 'B-ARG1', 'O']",[ARG0: Charlie] [V: shoots] [ARG1: Robert] .,"['B-ARG1', 'O', 'B-V', 'B-ARG0', 'I-ARG0', 'O']",[ARG1: Robert] is [V: shot] [ARG0: by Charlie] .,ARG0,ARG0,True
5,George is shot by Ashley.,Ashley shoots George.,"['B-ARG0', 'B-V', 'B-ARG1', 'O']",[ARG0: Ashley] [V: shoots] [ARG1: George] .,"['B-ARG1', 'O', 'B-V', 'B-ARG0', 'I-ARG0', 'O']",[ARG1: George] is [V: shot] [ARG0: by Ashley] .,ARG0,ARG0,True
6,Jennifer is shot by Janet.,Janet shoots Jennifer.,"['B-ARG0', 'B-V', 'B-ARG1', 'O']",[ARG0: Janet] [V: shoots] [ARG1: Jennifer] .,"['B-ARG1', 'O', 'B-V', 'B-ARG0', 'I-ARG0', 'O']",[ARG1: Jennifer] is [V: shot] [ARG0: by Janet] .,ARG0,ARG0,True
7,Mary is shot by Edward.,Edward shoots Mary.,"['B-ARG0', 'B-V', 'B-ARG1', 'O']",[ARG0: Edward] [V: shoots] [ARG1: Mary] .,"['B-ARG1', 'O', 'B-V', 'B-ARG0', 'I-ARG0', 'O']",[ARG1: Mary] is [V: shot] [ARG0: by Edward] .,ARG0,ARG0,True
8,Virginia is shot by Patricia.,Patricia shoots Virginia.,"['B-ARG0', 'B-V', 'B-ARG1', 'O']",[ARG0: Patricia] [V: shoots] [ARG1: Virginia] .,"['B-ARG1', 'O', 'B-V', 'B-ARG0', 'I-ARG0', 'O']",[ARG1: Virginia] is [V: shot] [ARG0: by Patricia] .,ARG0,ARG0,True
9,George is shot by Jay.,Jay shoots George.,"['B-ARG0', 'B-V', 'B-ARG1', 'O']",[ARG0: Jay] [V: shoots] [ARG1: George] .,"['B-ARG1', 'O', 'B-V', 'B-ARG0', 'I-ARG0', 'O']",[ARG1: George] is [V: shot] [ARG0: by Jay] .,ARG0,ARG0,True
10,Catherine is shot by Tom.,Tom shoots Catherine.,"['B-ARG0', 'B-V', 'B-ARG1', 'O']",[ARG0: Tom] [V: shoots] [ARG1: Catherine] .,"['B-ARG1', 'O', 'B-V', 'B-ARG0', 'I-ARG0', 'O']",[ARG1: Catherine] is [V: shot] [ARG0: by Tom] .,ARG0,ARG0,True
11,Jill is shot by Jason.,Jason shoots Jill.,"['B-ARG0', 'B-V', 'B-ARG1', 'O']",[ARG0: Jason] [V: shoots] [ARG1: Jill] .,"['B-ARG1', 'O', 'B-V', 'B-ARG0', 'I-ARG0', 'O']",[ARG1: Jill] is [V: shot] [ARG0: by Jason] .,ARG0,ARG0,True
12,Alice is shot by Leslie.,Leslie shoots Alice.,"['B-ARG0', 'B-V', 'B-ARG1', 'O']",[ARG0: Leslie] [V: shoots] [ARG1: Alice] .,"['B-ARG1', 'O', 'B-V', 'B-ARG0', 'I-ARG0', 'O']",[ARG1: Alice] is [V: shot] [ARG0: by Leslie] .,ARG0,ARG0,True
13,Mike is shot by Lynn.,Lynn shoots Mike.,"['B-ARG0', 'B-V', 'B-ARG1', 'O']",[ARG0: Lynn] [V: shoots] [ARG1: Mike] .,"['B-ARG1', 'O', 'B-V', 'B-ARG0', 'I-ARG0', 'O']",[ARG1: Mike] is [V: shot] [ARG0: by Lynn] .,ARG0,ARG0,True
14,Laura is shot by Alfred.,Alfred shoots Laura.,[],[],"['B-ARG1', 'O', 'B-V', 'B-ARG0', 'I-ARG0', 'O']",[ARG1: Laura] is [V: shot] [ARG0: by Alfred] .,[],ARG0,False
15,Dorothy is shot by Philip.,Philip shoots Dorothy.,"['B-ARG0', 'B-V', 'B-ARG1', 'O']",[ARG0: Philip] [V: shoots] [ARG1: Dorothy] .,"['B-ARG1', 'O', 'B-V', 'B-ARG0', 'I-ARG0', 'O']",[ARG1: Dorothy] is [V: shot] [ARG0: by Philip] .,ARG0,ARG0,True
16,Ruth is shot by Frances.,Frances shoots Ruth.,"['B-ARG0', 'B-V', 'B-ARG1', 'O']",[ARG0: Frances] [V: shoots] [ARG1: Ruth] .,"['B-ARG1', 'O', 'B-V', 'B-ARG0', 'I-ARG0', 'O']",[ARG1: Ruth] is [V: shot] [ARG0: by Frances] .,ARG0,ARG0,True
17,Alice is shot by Michelle.,Michelle shoots Alice.,"['B-ARG0', 'B-V', 'B-ARG1', 'O']",[ARG0: Michelle] [V: shoots] [ARG1: Alice] .,"['B-ARG1', 'O', 'B-V', 'B-ARG0', 'I-ARG0', 'O']",[ARG1: Alice] is [V: shot] [ARG0: by Michelle] .,ARG0,ARG0,True
18,Karen is shot by Samuel.,Samuel shoots Karen.,"['B-ARG0', 'B-V', 'B-ARG1', 'O']",[ARG0: Samuel] [V: shoots] [ARG1: Karen] .,"['B-ARG1', 'O', 'B-V', 'B-ARG0', 'I-ARG0', 'O']",[ARG1: Karen] is [V: shot] [ARG0: by Samuel] .,ARG0,ARG0,True
19,Carl is shot by Lauren.,Lauren shoots Carl.,"['B-ARG0', 'B-V', 'B-ARG1', 'O']",[ARG0: Lauren] [V: shoots] [ARG1: Carl] .,"['B-ARG1', 'O', 'B-V', 'B-ARG0', 'I-ARG0', 'O']",[ARG1: Carl] is [V: shot] [ARG0: by Lauren] .,ARG0,ARG0,True
20,Robin is shot by Alex.,Alex shoots Robin.,"['B-ARG0', 'B-V', 'B-ARG1', 'O']",[ARG0: Alex] [V: shoots] [ARG1: Robin] .,"['B-ARG1', 'O', 'B-V', 'B-ARG0', 'I-ARG0', 'O']",[ARG1: Robin] is [V: shot] [ARG0: by Alex] .,ARG0,ARG0,True
21,Scott is shot by James.,James shoots Scott.,"['B-ARG0', 'B-V', 'B-ARG1', 'O']",[ARG0: James] [V: shoots] [ARG1: Scott] .,"['B-ARG1', 'O', 'B-V', 'B-ARG0', 'I-ARG0', 'O']",[ARG1: Scott] is [V: shot] [ARG0: by James] .,ARG0,ARG0,True
22,Kathy is shot by Adam.,Adam shoots Kathy.,"['B-ARG0', 'B-V', 'B-ARG1', 'O']",[ARG0: Adam] [V: shoots] [ARG1: Kathy] .,"['B-ARG1', 'O', 'B-V', 'B-ARG0', 'I-ARG0', 'O']",[ARG1: Kathy] is [V: shot] [ARG0: by Adam] .,ARG0,ARG0,True
23,Sara is shot by Sally.,Sally shoots Sara.,"['B-ARG0', 'B-V', 'B-ARG1', 'O']",[ARG0: Sally] [V: shoots] [ARG1: Sara] .,"['B-ARG1', 'O', 'B-V', 'B-ARG0', 'I-ARG0', 'O']",[ARG1: Sara] is [V: shot] [ARG0: by Sally] .,ARG0,ARG0,True
24,Benjamin is shot by Howard.,Howard shoots Benjamin.,"['B-ARG0', 'B-V', 'B-ARG1', 'O']",[ARG0: Howard] [V: shoots] [ARG1: Benjamin] .,"['B-ARG1', 'O', 'B-V', 'B-ARG0', 'I-ARG0', 'O']",[ARG1: Benjamin] is [V: shot] [ARG0: by Howard] .,ARG0,ARG0,True
25,Eric is shot by Frank.,Frank shoots Eric.,"['B-ARG0', 'B-V', 'B-ARG1', 'O']",[ARG0: Frank] [V: shoots] [ARG1: Eric] .,"['B-ARG1', 'O', 'B-V', 'B-ARG0', 'I-ARG0', 'O']",[ARG1: Eric] is [V: shot] [ARG0: by Frank] .,ARG0,ARG0,True
26,Anthony is shot by Jonathan.,Jonathan shoots Anthony.,"['B-ARG0', 'B-V', 'B-ARG1', 'O']",[ARG0: Jonathan] [V: shoots] [ARG1: Anthony] .,"['B-ARG1', 'O', 'B-V', 'B-ARG0', 'I-ARG0', 'O']",[ARG1: Anthony] is [V: shot] [ARG0: by Jonathan] .,ARG0,ARG0,True
27,George is shot by Suzanne.,Suzanne shoots George.,"['B-ARG0', 'B-V', 'B-ARG1', 'O']",[ARG0: Suzanne] [V: shoots] [ARG1: George] .,"['B-ARG1', 'O', 'B-V', 'B-ARG0', 'I-ARG0', 'O']",[ARG1: George] is [V: shot] [ARG0: by Suzanne] .,ARG0,ARG0,True
28,Patrick is shot by Judy.,Judy shoots Patrick.,"['B-ARG0', 'B-V', 'B-ARG1', 'O']",[ARG0: Judy] [V: shoots] [ARG1: Patrick] .,"['B-ARG1', 'O', 'B-V', 'B-ARG0', 'I-ARG0', 'O']",[ARG1: Patrick] is [V: shot] [ARG0: by Judy] .,ARG0,ARG0,True
29,Frances is shot by Lucy.,Lucy shoots Frances.,"['B-ARG0', 'B-V', 'B-ARG1', 'O']",[ARG0: Lucy] [V: shoots] [ARG1: Frances] .,"['B-ARG1', 'O', 'B-V', 'B-ARG0', 'I-ARG0', 'O']",[ARG1: Frances] is [V: shot] [ARG0: by Lucy] .,ARG0,ARG0,True
30,Anna is shot by Jill.,Jill shoots Anna.,"['B-ARG0', 'B-V', 'B-ARG1', 'O']",[ARG0: Jill] [V: shoots] [ARG1: Anna] .,"['B-ARG1', 'O', 'B-V', 'B-ARG0', 'I-ARG0', 'O']",[ARG1: Anna] is [V: shot] [ARG0: by Jill] .,ARG0,ARG0,True
31,Howard is shot by Brian.,Brian shoots Howard.,"['B-ARG0', 'B-V', 'B-ARG1', 'O']",[ARG0: Brian] [V: shoots] [ARG1: Howard] .,"['B-ARG1', 'O', 'B-V', 'B-ARG0', 'I-ARG0', 'O']",[ARG1: Howard] is [V: shot] [ARG0: by Brian] .,ARG0,ARG0,True
32,Kim is shot by Marilyn.,Marilyn shoots Kim.,"['B-ARG0', 'B-V', 'B-ARG1', 'O']",[ARG0: Marilyn] [V: shoots] [ARG1: Kim] .,"['B-ARG1', 'O', 'B-V', 'B-ARG0', 'I-ARG0', 'O']",[ARG1: Kim] is [V: shot] [ARG0: by Marilyn] .,ARG0,ARG0,True
33,Karen is shot by Jennifer.,Jennifer shoots Karen.,"['B-ARG0', 'B-V', 'B-ARG1', 'O']",[ARG0: Jennifer] [V: shoots] [ARG1: Karen] .,"['B-ARG1', 'O', 'B-V', 'B-ARG0', 'I-ARG0', 'O']",[ARG1: Karen] is [V: shot] [ARG0: by Jennifer] .,ARG0,ARG0,True
34,William is shot by Lawrence.,Lawrence shoots William.,"['B-ARG0', 'B-V', 'B-ARG1', 'O']",[ARG0: Lawrence] [V: shoots] [ARG1: William] .,"['B-ARG1', 'O', 'B-V', 'B-ARG0', 'I-ARG0', 'O']",[ARG1: William] is [V: shot] [ARG0: by Lawrence] .,ARG0,ARG0,True
35,Francis is shot by Jeff.,Jeff shoots Francis.,"['B-ARG0', 'B-V', 'B-ARG1', 'O']",[ARG0: Jeff] [V: shoots] [ARG1: Francis] .,"['B-ARG1', 'O', 'B-V', 'B-ARG0', 'I-ARG0', 'O']",[ARG1: Francis] is [V: shot] [ARG0: by Jeff] .,ARG0,ARG0,True
36,Joan is shot by Brian.,Brian shoots Joan.,[],[],"['B-ARG1', 'O', 'B-V', 'B-ARG0', 'I-ARG0', 'O']",[ARG1: Joan] is [V: shot] [ARG0: by Brian] .,[],ARG0,False
37,Marilyn is shot by Bill.,Bill shoots Marilyn.,"['B-ARG0', 'B-V', 'B-ARG1', 'O']",[ARG0: Bill] [V: shoots] [ARG1: Marilyn] .,"['B-ARG1', 'O', 'B-V', 'B-ARG0', 'I-ARG0', 'O']",[ARG1: Marilyn] is [V: shot] [ARG0: by Bill] .,ARG0,ARG0,True
38,Grace is shot by Nick.,Nick shoots Grace.,"['B-ARG0', 'B-V', 'B-ARG1', 'O']",[ARG0: Nick] [V: shoots] [ARG1: Grace] .,"['B-ARG1', 'O', 'B-V', 'B-ARG0', 'I-ARG0', 'O']",[ARG1: Grace] is [V: shot] [ARG0: by Nick] .,ARG0,ARG0,True
39,Howard is shot by Julie.,Julie shoots Howard.,"['B-ARG0', 'B-V', 'B-ARG1', 'O']",[ARG0: Julie] [V: shoots] [ARG1: Howard] .,"['B-ARG1', 'O', 'B-V', 'B-ARG0', 'I-ARG0', 'O']",[ARG1: Howard] is [V: shot] [ARG0: by Julie] .,ARG0,ARG0,True
40,Richard is shot by Charles.,Charles shoots Richard.,"['B-ARG0', 'B-V', 'B-ARG1', 'O']",[ARG0: Charles] [V: shoots] [ARG1: Richard] .,"['B-ARG1', 'O', 'B-V', 'B-ARG0', 'I-ARG0', 'O']",[ARG1: Richard] is [V: shot] [ARG0: by Charles] .,ARG0,ARG0,True
41,Catherine is shot by Lucy.,Lucy shoots Catherine.,"['B-ARG0', 'B-V', 'B-ARG1', 'O']",[ARG0: Lucy] [V: shoots] [ARG1: Catherine] .,"['B-ARG1', 'O', 'B-V', 'B-ARG0', 'I-ARG0', 'O']",[ARG1: Catherine] is [V: shot] [ARG0: by Lucy] .,ARG0,ARG0,True
42,Jack is shot by Jeff.,Jeff shoots Jack.,"['B-ARG0', 'B-V', 'B-ARG1', 'O']",[ARG0: Jeff] [V: shoots] [ARG1: Jack] .,"['B-ARG1', 'O', 'B-V', 'B-ARG0', 'I-ARG0', 'O']",[ARG1: Jack] is [V: shot] [ARG0: by Jeff] .,ARG0,ARG0,True
43,Susan is shot by Ed.,Ed shoots Susan.,"['B-ARG0', 'B-V', 'B-ARG1', 'O']",[ARG0: Ed] [V: shoots] [ARG1: Susan] .,"['B-ARG1', 'O', 'B-V', 'B-ARG0', 'I-ARG0', 'O']",[ARG1: Susan] is [V: shot] [ARG0: by Ed] .,ARG0,ARG0,True
44,Laura is shot by Dick.,Dick shoots Laura.,"['B-ARG0', 'B-V', 'B-ARG1', 'O']",[ARG0: Dick] [V: shoots] [ARG1: Laura] .,"['B-ARG1', 'O', 'B-V', 'B-ARG0', 'I-ARG0', 'O']",[ARG1: Laura] is [V: shot] [ARG0: by Dick] .,ARG0,ARG0,True
45,Jessica is shot by Kim.,Kim shoots Jessica.,"['B-ARG0', 'B-V', 'B-ARG1', 'O']",[ARG0: Kim] [V: shoots] [ARG1: Jessica] .,"['B-ARG1', 'O', 'B-V', 'B-ARG0', 'I-ARG0', 'O']",[ARG1: Jessica] is [V: shot] [ARG0: by Kim] .,ARG0,ARG0,True
46,Joe is shot by Dick.,Dick shoots Joe.,"['B-ARG0', 'B-V', 'B-ARG1', 'O']",[ARG0: Dick] [V: shoots] [ARG1: Joe] .,"['B-ARG1', 'O', 'B-V', 'B-ARG0', 'I-ARG0', 'O']",[ARG1: Joe] is [V: shot] [ARG0: by Dick] .,ARG0,ARG0,True
47,Sharon is shot by Ron.,Ron shoots Sharon.,[],[],"['B-ARG1', 'O', 'B-V', 'B-ARG0', 'I-ARG0', 'O']",[ARG1: Sharon] is [V: shot] [ARG0: by Ron] .,[],ARG0,False
48,Frances is shot by Philip.,Philip shoots Frances.,"['B-ARG0', 'B-V', 'B-ARG1', 'O']",[ARG0: Philip] [V: shoots] [ARG1: Frances] .,"['B-ARG1', 'O', 'B-V', 'B-ARG0', 'I-ARG0', 'O']",[ARG1: Frances] is [V: shot] [ARG0: by Philip] .,ARG0,ARG0,True
49,Barbara is shot by Roger.,Roger shoots Barbara.,"['B-ARG0', 'B-V', 'B-ARG1', 'O']",[ARG0: Roger] [V: shoots] [ARG1: Barbara] .,"['B-ARG1', 'O', 'B-V', 'B-ARG0', 'I-ARG0', 'O']",[ARG1: Barbara] is [V: shot] [ARG0: by Roger] .,ARG0,ARG0,True
50,Ann is shot by Betty.,Betty shoots Ann.,"['B-ARG0', 'B-V', 'B-ARG1', 'O']",[ARG0: Betty] [V: shoots] [ARG1: Ann] .,"['B-ARG1', 'O', 'B-V', 'B-ARG0', 'I-ARG0', 'O']",[ARG1: Ann] is [V: shot] [ARG0: by Betty] .,ARG0,ARG0,True
51,Ellen is shot by Bill.,Bill shoots Ellen.,"['B-ARG0', 'B-V', 'B-ARG1', 'O']",[ARG0: Bill] [V: shoots] [ARG1: Ellen] .,"['B-ARG1', 'O', 'B-V', 'B-ARG0', 'I-ARG0', 'O']",[ARG1: Ellen] is [V: shot] [ARG0: by Bill] .,ARG0,ARG0,True
52,Frank is shot by Heather.,Heather shoots Frank.,"['B-ARG0', 'B-V', 'B-ARG1', 'O']",[ARG0: Heather] [V: shoots] [ARG1: Frank] .,"['B-ARG1', 'O', 'B-V', 'B-ARG0', 'I-ARG0', 'O']",[ARG1: Frank] is [V: shot] [ARG0: by Heather] .,ARG0,ARG0,True
53,Henry is shot by Edward.,Edward shoots Henry.,"['B-ARG0', 'B-V', 'B-ARG1', 'O']",[ARG0: Edward] [V: shoots] [ARG1: Henry] .,"['B-ARG1', 'O', 'B-V', 'B-ARG0', 'I-ARG0', 'O']",[ARG1: Henry] is [V: shot] [ARG0: by Edward] .,ARG0,ARG0,True
54,Ed is shot by Christopher.,Christopher shoots Ed.,[],[],"['B-ARG1', 'O', 'B-V', 'B-ARG0', 'I-ARG0', 'O']",[ARG1: Ed] is [V: shot] [ARG0: by Christopher] .,[],ARG0,False
55,Alan is shot by Alison.,Alison shoots Alan.,"['B-ARG0', 'B-V', 'B-ARG1', 'O']",[ARG0: Alison] [V: shoots] [ARG1: Alan] .,"['B-ARG1', 'O', 'B-V', 'B-ARG0', 'I-ARG0', 'O']",[ARG1: Alan] is [V: shot] [ARG0: by Alison] .,ARG0,ARG0,True
56,Harry is shot by Mark.,Mark shoots Harry.,"['B-ARG0', 'B-V', 'B-ARG1', 'O']",[ARG0: Mark] [V: shoots] [ARG1: Harry] .,"['B-ARG1', 'O', 'B-V', 'B-ARG0', 'I-ARG0', 'O']",[ARG1: Harry] is [V: shot] [ARG0: by Mark] .,ARG0,ARG0,True
57,Elaine is shot by Elizabeth.,Elizabeth shoots Elaine.,"['B-ARG0', 'B-V', 'B-ARG1', 'O']",[ARG0: Elizabeth] [V: shoots] [ARG1: Elaine] .,"['B-ARG1', 'O', 'B-V', 'B-ARG0', 'I-ARG0', 'O']",[ARG1: Elaine] is [V: shot] [ARG0: by Elizabeth] .,ARG0,ARG0,True
58,Tom is shot by Sophie.,Sophie shoots Tom.,"['B-ARG0', 'B-V', 'B-ARG1', 'O']",[ARG0: Sophie] [V: shoots] [ARG1: Tom] .,"['B-ARG1', 'O', 'B-V', 'B-ARG0', 'I-ARG0', 'O']",[ARG1: Tom] is [V: shot] [ARG0: by Sophie] .,ARG0,ARG0,True
59,Elaine is shot by Charlotte.,Charlotte shoots Elaine.,"['B-ARG0', 'B-V', 'B-ARG1', 'O']",[ARG0: Charlotte] [V: shoots] [ARG1: Elaine] .,"['B-ARG1', 'O', 'B-V', 'B-ARG0', 'I-ARG0', 'O']",[ARG1: Elaine] is [V: shot] [ARG0: by Charlotte] .,ARG0,ARG0,True
60,Helen is shot by Mike.,Mike shoots Helen.,"['B-ARG0', 'B-V', 'B-ARG1', 'O']",[ARG0: Mike] [V: shoots] [ARG1: Helen] .,"['B-ARG1', 'O', 'B-V', 'B-ARG0', 'I-ARG0', 'O']",[ARG1: Helen] is [V: shot] [ARG0: by Mike] .,ARG0,ARG0,True
61,Jimmy is shot by Keith.,Keith shoots Jimmy.,"['B-ARG0', 'B-V', 'B-ARG1', 'O']",[ARG0: Keith] [V: shoots] [ARG1: Jimmy] .,"['B-ARG1', 'O', 'B-V', 'B-ARG0', 'I-ARG0', 'O']",[ARG1: Jimmy] is [V: shot] [ARG0: by Keith] .,ARG0,ARG0,True
62,Julie is shot by Edward.,Edward shoots Julie.,"['B-ARG0', 'B-V', 'B-ARG1', 'O']",[ARG0: Edward] [V: shoots] [ARG1: Julie] .,"['B-ARG1', 'O', 'B-V', 'B-ARG0', 'I-ARG0', 'O']",[ARG1: Julie] is [V: shot] [ARG0: by Edward] .,ARG0,ARG0,True
63,Kate is shot by Edith.,Edith shoots Kate.,"['B-ARG0', 'B-V', 'B-ARG1', 'O']",[ARG0: Edith] [V: shoots] [ARG1: Kate] .,"['B-ARG1', 'O', 'B-V', 'B-ARG0', 'I-ARG0', 'O']",[ARG1: Kate] is [V: shot] [ARG0: by Edith] .,ARG0,ARG0,True
64,Steve is shot by Emma.,Emma shoots Steve.,"['B-ARG0', 'B-V', 'B-ARG1', 'O']",[ARG0: Emma] [V: shoots] [ARG1: Steve] .,"['B-ARG1', 'O', 'B-V', 'B-ARG0', 'I-ARG0', 'O']",[ARG1: Steve] is [V: shot] [ARG0: by Emma] .,ARG0,ARG0,True
65,Elizabeth is shot by Judy.,Judy shoots Elizabeth.,"['B-ARG0', 'B-V', 'B-ARG1', 'O']",[ARG0: Judy] [V: shoots] [ARG1: Elizabeth] .,"['B-ARG1', 'O', 'B-V', 'B-ARG0', 'I-ARG0', 'O']",[ARG1: Elizabeth] is [V: shot] [ARG0: by Judy] .,ARG0,ARG0,True
66,Marilyn is shot by Eric.,Eric shoots Marilyn.,"['B-ARG0', 'B-V', 'B-ARG1', 'O']",[ARG0: Eric] [V: shoots] [ARG1: Marilyn] .,"['B-ARG1', 'O', 'B-V', 'B-ARG0', 'I-ARG0', 'O']",[ARG1: Marilyn] is [V: shot] [ARG0: by Eric] .,ARG0,ARG0,True
67,Johnny is shot by Kathleen.,Kathleen shoots Johnny.,[],[],"['B-ARG1', 'O', 'B-V', 'B-ARG0', 'I-ARG0', 'O']",[ARG1: Johnny] is [V: shot] [ARG0: by Kathleen] .,[],ARG0,False
68,Jimmy is shot by Bobby.,Bobby shoots Jimmy.,"['B-ARG0', 'B-V', 'B-ARG1', 'O']",[ARG0: Bobby] [V: shoots] [ARG1: Jimmy] .,"['B-ARG1', 'O', 'B-V', 'B-ARG0', 'I-ARG0', 'O']",[ARG1: Jimmy] is [V: shot] [ARG0: by Bobby] .,ARG0,ARG0,True
69,Katie is shot by Sally.,Sally shoots Katie.,"['B-ARG0', 'B-V', 'B-ARG1', 'O']",[ARG0: Sally] [V: shoots] [ARG1: Katie] .,"['B-ARG1', 'O', 'B-V', 'B-ARG0', 'I-ARG0', 'O']",[ARG1: Katie] is [V: shot] [ARG0: by Sally] .,ARG0,ARG0,True
70,Sarah is shot by Pamela.,Pamela shoots Sarah.,"['B-ARG0', 'B-V', 'B-ARG1', 'O']",[ARG0: Pamela] [V: shoots] [ARG1: Sarah] .,"['B-ARG1', 'O', 'B-V', 'B-ARG0', 'I-ARG0', 'O']",[ARG1: Sarah] is [V: shot] [ARG0: by Pamela] .,ARG0,ARG0,True
71,John is shot by Tom.,Tom shoots John.,"['B-ARG0', 'B-V', 'B-ARG1', 'O']",[ARG0: Tom] [V: shoots] [ARG1: John] .,"['B-ARG1', 'O', 'B-V', 'B-ARG0', 'I-ARG0', 'O']",[ARG1: John] is [V: shot] [ARG0: by Tom] .,ARG0,ARG0,True
72,Ralph is shot by Emily.,Emily shoots Ralph.,"['B-ARG0', 'B-V', 'B-ARG1', 'O']",[ARG0: Emily] [V: shoots] [ARG1: Ralph] .,"['B-ARG1', 'O', 'B-V', 'B-ARG0', 'I-ARG0', 'O']",[ARG1: Ralph] is [V: shot] [ARG0: by Emily] .,ARG0,ARG0,True
73,Katherine is shot by Victoria.,Victoria shoots Katherine.,"['B-ARG0', 'B-V', 'B-ARG1', 'O']",[ARG0: Victoria] [V: shoots] [ARG1: Katherine] .,"['B-ARG1', 'O', 'B-V', 'B-ARG0', 'I-ARG0', 'O']",[ARG1: Katherine] is [V: shot] [ARG0: by Victoria] .,ARG0,ARG0,True
74,Sue is shot by Karen.,Karen shoots Sue.,"['B-ARG0', 'B-V', 'B-ARG1', 'O']",[ARG0: Karen] [V: shoots] [ARG1: Sue] .,"['B-ARG1', 'O', 'B-V', 'B-ARG0', 'I-ARG0', 'O']",[ARG1: Sue] is [V: shot] [ARG0: by Karen] .,ARG0,ARG0,True
75,Andrea is shot by Joseph.,Joseph shoots Andrea.,"['B-ARG0', 'B-V', 'B-ARG1', 'O']",[ARG0: Joseph] [V: shoots] [ARG1: Andrea] .,"['B-ARG1', 'O', 'B-V', 'B-ARG0', 'I-ARG0', 'O']",[ARG1: Andrea] is [V: shot] [ARG0: by Joseph] .,ARG0,ARG0,True
76,Andrew is shot by Bruce.,Bruce shoots Andrew.,"['B-ARG0', 'B-V', 'B-ARG1', 'O']",[ARG0: Bruce] [V: shoots] [ARG1: Andrew] .,"['B-ARG1', 'O', 'B-V', 'B-ARG0', 'I-ARG0', 'O']",[ARG1: Andrew] is [V: shot] [ARG0: by Bruce] .,ARG0,ARG0,True
77,Laura is shot by Billy.,Billy shoots Laura.,"['B-ARG0', 'B-V', 'B-ARG1', 'O']",[ARG0: Billy] [V: shoots] [ARG1: Laura] .,"['B-ARG1', 'O', 'B-V', 'B-ARG0', 'I-ARG0', 'O']",[ARG1: Laura] is [V: shot] [ARG0: by Billy] .,ARG0,ARG0,True
78,Ben is shot by Ann.,Ann shoots Ben.,"['B-ARG0', 'B-V', 'B-ARG1', 'O']",[ARG0: Ann] [V: shoots] [ARG1: Ben] .,"['B-ARG1', 'O', 'B-V', 'B-ARG0', 'I-ARG0', 'O']",[ARG1: Ben] is [V: shot] [ARG0: by Ann] .,ARG0,ARG0,True
79,Mark is shot by Chris.,Chris shoots Mark.,"['B-ARG0', 'B-V', 'B-ARG1', 'O']",[ARG0: Chris] [V: shoots] [ARG1: Mark] .,"['B-ARG1', 'O', 'B-V', 'B-ARG0', 'I-ARG0', 'O']",[ARG1: Mark] is [V: shot] [ARG0: by Chris] .,ARG0,ARG0,True
80,Susan is shot by Ian.,Ian shoots Susan.,"['B-ARG0', 'B-V', 'B-ARG1', 'O']",[ARG0: Ian] [V: shoots] [ARG1: Susan] .,"['B-ARG1', 'O', 'B-V', 'B-ARG0', 'I-ARG0', 'O']",[ARG1: Susan] is [V: shot] [ARG0: by Ian] .,ARG0,ARG0,True
81,Anna is shot by Kelly.,Kelly shoots Anna.,"['B-ARG0', 'B-V', 'B-ARG1', 'O']",[ARG0: Kelly] [V: shoots] [ARG1: Anna] .,"['B-ARG1', 'O', 'B-V', 'B-ARG0', 'I-ARG0', 'O']",[ARG1: Anna] is [V: shot] [ARG0: by Kelly] .,ARG0,ARG0,True
82,Arthur is shot by Richard.,Richard shoots Arthur.,"['B-ARG0', 'B-V', 'B-ARG1', 'O']",[ARG0: Richard] [V: shoots] [ARG1: Arthur] .,"['B-ARG1', 'O', 'B-V', 'B-ARG0', 'I-ARG0', 'O']",[ARG1: Arthur] is [V: shot] [ARG0: by Richard] .,ARG0,ARG0,True
83,Melissa is shot by Mark.,Mark shoots Melissa.,"['B-ARG0', 'B-V', 'B-ARG1', 'O']",[ARG0: Mark] [V: shoots] [ARG1: Melissa] .,"['B-ARG1', 'O', 'B-V', 'B-ARG0', 'I-ARG0', 'O']",[ARG1: Melissa] is [V: shot] [ARG0: by Mark] .,ARG0,ARG0,True
84,Julia is shot by Harriet.,Harriet shoots Julia.,[],[],"['B-ARG1', 'O', 'B-V', 'B-ARG0', 'I-ARG0', 'O']",[ARG1: Julia] is [V: shot] [ARG0: by Harriet] .,[],ARG0,False
85,Richard is shot by Andrea.,Andrea shoots Richard.,"['B-ARG0', 'B-V', 'B-ARG1', 'O']",[ARG0: Andrea] [V: shoots] [ARG1: Richard] .,"['B-ARG1', 'O', 'B-V', 'B-ARG0', 'I-ARG0', 'O']",[ARG1: Richard] is [V: shot] [ARG0: by Andrea] .,ARG0,ARG0,True
86,Grace is shot by Greg.,Greg shoots Grace.,"['B-ARG0', 'B-V', 'B-ARG1', 'O']",[ARG0: Greg] [V: shoots] [ARG1: Grace] .,"['B-ARG1', 'O', 'B-V', 'B-ARG0', 'I-ARG0', 'O']",[ARG1: Grace] is [V: shot] [ARG0: by Greg] .,ARG0,ARG0,True
87,Kate is shot by Frederick.,Frederick shoots Kate.,"['B-ARG0', 'B-V', 'B-ARG1', 'O']",[ARG0: Frederick] [V: shoots] [ARG1: Kate] .,"['B-ARG1', 'O', 'B-V', 'B-ARG0', 'I-ARG0', 'O']",[ARG1: Kate] is [V: shot] [ARG0: by Frederick] .,ARG0,ARG0,True
88,Diane is shot by Melissa.,Melissa shoots Diane.,"['B-ARG0', 'B-V', 'B-ARG1', 'O']",[ARG0: Melissa] [V: shoots] [ARG1: Diane] .,"['B-ARG1', 'O', 'B-V', 'B-ARG0', 'I-ARG0', 'O']",[ARG1: Diane] is [V: shot] [ARG0: by Melissa] .,ARG0,ARG0,True
89,Kathy is shot by Roy.,Roy shoots Kathy.,"['B-ARG0', 'B-V', 'B-ARG1', 'O']",[ARG0: Roy] [V: shoots] [ARG1: Kathy] .,"['B-ARG1', 'O', 'B-V', 'B-ARG0', 'I-ARG0', 'O']",[ARG1: Kathy] is [V: shot] [ARG0: by Roy] .,ARG0,ARG0,True
90,Colin is shot by Annie.,Annie shoots Colin.,"['B-ARG0', 'B-V', 'B-ARG1', 'O']",[ARG0: Annie] [V: shoots] [ARG1: Colin] .,"['B-ARG1', 'O', 'B-V', 'B-ARG0', 'I-ARG0', 'O']",[ARG1: Colin] is [V: shot] [ARG0: by Annie] .,ARG0,ARG0,True
91,Al is shot by Claire.,Claire shoots Al.,"['B-ARG0', 'B-V', 'B-ARG1', 'O']",[ARG0: Claire] [V: shoots] [ARG1: Al] .,"['B-ARG1', 'O', 'B-V', 'B-ARG0', 'I-ARG0', 'O']",[ARG1: Al] is [V: shot] [ARG0: by Claire] .,ARG0,ARG0,True
92,Jennifer is shot by Larry.,Larry shoots Jennifer.,"['B-ARG0', 'B-V', 'B-ARG1', 'O']",[ARG0: Larry] [V: shoots] [ARG1: Jennifer] .,"['B-ARG1', 'O', 'B-V', 'B-ARG0', 'I-ARG0', 'O']",[ARG1: Jennifer] is [V: shot] [ARG0: by Larry] .,ARG0,ARG0,True
93,Leslie is shot by Ed.,Ed shoots Leslie.,"['B-ARG0', 'B-V', 'B-ARG1', 'O']",[ARG0: Ed] [V: shoots] [ARG1: Leslie] .,"['B-ARG1', 'O', 'B-V', 'B-ARG0', 'I-ARG0', 'O']",[ARG1: Leslie] is [V: shot] [ARG0: by Ed] .,ARG0,ARG0,True
94,Victoria is shot by Kathryn.,Kathryn shoots Victoria.,"['B-ARG0', 'B-V', 'B-ARG1', 'O']",[ARG0: Kathryn] [V: shoots] [ARG1: Victoria] .,"['B-ARG1', 'O', 'B-V', 'B-ARG0', 'I-ARG0', 'O']",[ARG1: Victoria] is [V: shot] [ARG0: by Kathryn] .,ARG0,ARG0,True
95,Nicole is shot by Kevin.,Kevin shoots Nicole.,[],[],"['B-ARG1', 'O', 'B-V', 'B-ARG0', 'I-ARG0', 'O']",[ARG1: Nicole] is [V: shot] [ARG0: by Kevin] .,[],ARG0,False
96,Samuel is shot by William.,William shoots Samuel.,"['B-ARG0', 'B-V', 'B-ARG1', 'O']",[ARG0: William] [V: shoots] [ARG1: Samuel] .,"['B-ARG1', 'O', 'B-V', 'B-ARG0', 'I-ARG0', 'O']",[ARG1: Samuel] is [V: shot] [ARG0: by William] .,ARG0,ARG0,True
97,Judy is shot by Ellen.,Ellen shoots Judy.,[],[],"['B-ARG1', 'O', 'B-V', 'B-ARG0', 'I-ARG0', 'O']",[ARG1: Judy] is [V: shot] [ARG0: by Ellen] .,[],ARG0,False
98,Steven is shot by Marie.,Marie shoots Steven.,"['B-ARG0', 'B-V', 'B-ARG1', 'O']",[ARG0: Marie] [V: shoots] [ARG1: Steven] .,"['B-ARG1', 'O', 'B-V', 'B-ARG0', 'I-ARG0', 'O']",[ARG1: Steven] is [V: shot] [ARG0: by Marie] .,ARG0,ARG0,True
99,Sophie is shot by Claire.,Claire shoots Sophie.,"['B-ARG0', 'B-V', 'B-ARG1', 'O']",[ARG0: Claire] [V: shoots] [ARG1: Sophie] .,"['B-ARG1', 'O', 'B-V', 'B-ARG0', 'I-ARG0', 'O']",[ARG1: Sophie] is [V: shot] [ARG0: by Claire] .,ARG0,ARG0,True
